class_0_acc,class_1_acc,class_2_acc,class_3_acc,epoch,step,test_acc,test_loss
0.982758641242981,0.953125,0.9824561476707458,0.9655172228813171,0,0,0.9704641103744507,0.18906676769256592
