class_0_acc,class_1_acc,class_2_acc,class_3_acc,epoch,step,test_acc,test_loss
0.982758641242981,0.9375,0.9824561476707458,0.9137930870056152,0,0,0.9535865187644958,0.2230719029903412
