class_0_acc,class_1_acc,class_2_acc,class_3_acc,class_4_acc,class_5_acc,epoch,step,test_acc,test_loss
0.0833333358168602,0.692307710647583,0.3333333432674408,0.6666666865348816,0.6818181872367859,0.0833333358168602,0,0,0.4134615361690521,1.585532307624817
