epoch,step,train_acc_epoch,train_loss_epoch,val_acc,val_loss
0,25,,,0.49673202633857727,0.6955475807189941
0,25,0.5138499736785889,0.6939712166786194,,
