epoch,step,train_acc_epoch,train_loss_epoch,val_acc,val_loss
0,1,,,0.32758620381355286,1.3687758445739746
0,1,0.2506142556667328,1.400263786315918,,
